Date,6M,9M,1Y,2Y
2024-04-29,0.04750076841064323,0.046435389843532626,0.045476812080094776,0.042241776899127725
2024-04-30,0.04751165840507015,0.04644571889746191,0.04548660749872277,0.04224968315101091
2024-05-01,0.04745510813251822,0.04638893400051915,0.04542961295730596,0.04219207273780508
2024-05-02,0.047276002485037216,0.04621020778698624,0.04525128581603099,0.04201551338076076
2024-05-03,0.04698999610766222,0.04592512274169249,0.04496713674925938,0.04173523206871453
2024-05-06,0.047211515617027626,0.0461451036099116,0.045185611347591796,0.04194797804680218
2024-05-07,0.04711239689260435,0.0460460092570262,0.04508656206891922,0.0418492922452605
2024-05-08,0.04705497292321179,0.045988409127940534,0.04502880785615323,0.04179111831591982
2024-05-09,0.0470848091592069,0.04601765335584652,0.04505748482320638,0.041817749159356106
2024-05-10,0.04710503862953443,0.046037336958809544,0.04507664699295705,0.04183504544987497
2024-05-13,0.047012229246036215,0.04594450808994533,0.04498382026516091,0.04174241892619041
2024-05-14,0.04697742456504412,0.04590943648570378,0.04494850360370225,0.04170631737207601
2024-05-15,0.046868563037672326,0.045800674976407704,0.04483986096888247,0.0415983165841268
2024-05-16,0.04681063238014033,0.045742611306275424,0.04478168418843001,0.04153986445618543
2024-05-17,0.04685487812390482,0.04578621856541517,0.04482467697535106,0.041580616062391655
2024-05-21,0.046618291514407606,0.04555031564691445,0.04458947401975836,0.0413483527058809
2024-05-22,0.04646749121947564,0.045399841769734425,0.04443934272688924,0.041199732838260145
2024-05-23,0.04634026432690805,0.045272875138044615,0.044312650797147995,0.04107426594501204
2024-05-24,0.04625254463037509,0.04518526768847309,0.04422516911170703,0.04098740630494566
2024-05-27,0.046398607658182954,0.04533034388603702,0.04436927835584527,0.041127830036985356
2024-05-28,0.04637803524931789,0.04530956073920942,0.044348300202010714,0.04110621250378781
2024-05-29,0.04634980462829784,0.0452812332944143,0.0443198873279347,0.041077559434230006
2024-05-30,0.04616856155125609,0.045100675535537676,0.044140018792431665,0.040900478014287193
2024-05-31,0.045821089022951775,0.04475475915715369,0.0437956532134216,0.04056225834767299
2024-06-03,0.045847823296860775,0.044781270023109956,0.043821946576559544,0.04058773541492567
2024-06-04,0.04577692201752519,0.044710622051496236,0.04375155422374765,0.04051838439147471
2024-06-05,0.045091813714209526,0.04402877787832445,0.04307295325211016,0.039852550118425326
2024-06-06,0.04464573610910232,0.043584885675386514,0.04263122963966721,0.039419338083013185
2024-06-07,0.044702472750176164,0.04364139001125838,0.042687501389501954,0.03947467848000629
2024-06-10,0.044700728308308665,0.04363976385737676,0.04268598764315783,0.03947356153596846
2024-06-11,0.04489217308410591,0.043830474642471785,0.04287596084756224,0.039660557296748236
2024-06-12,0.044793728361447335,0.0437327790349477,0.0427789965074839,0.03956635520678939
2024-06-13,0.0447927555886207,0.04373209547991249,0.042778587061783224,0.039566906562975526
2024-06-14,0.04478895357078889,0.04372861621067968,0.0427754142838474,0.03956481372764714
2024-06-17,0.04469682600108213,0.043637243553641195,0.042684776982855464,0.039476939860595674
2024-06-18,0.0445144797717189,0.04345608820569573,0.04250478987886625,0.03930141768508814
2024-06-19,0.044499961368529066,0.043441980689392985,0.04249107470002788,0.03928910497446801
2024-06-20,0.044620217690298815,0.04356199262549826,0.042610828514982976,0.03940770622350596
2024-06-21,0.044369412671805504,0.04331274267139148,0.04236310688213763,0.039165851152609156
2024-06-24,0.04451399595720571,0.043456993774226765,0.04250701132082688,0.03930824280494587
2024-06-25,0.04460782154576856,0.04355070779703172,0.04260059886974035,0.039401193147230285
2024-06-26,0.044593021280179286,0.04353632686613927,0.04258661833905575,0.03938864387197289
2024-06-27,0.044583279600281224,0.04352698376199993,0.04257765485362815,0.03938102844832275
2024-06-28,0.044653656000707136,0.04359737192390432,0.042648038537610435,0.03945125033554006
2024-07-02,0.04446012397239441,0.043405133159325954,0.042457067456619965,0.03926511523069597
2024-07-03,0.04441170893202139,0.04335732607424339,0.04240984685717839,0.039220046577661496
2024-07-04,0.04438698362079534,0.0433331039837423,0.042386106810505336,0.039198043969135045
2024-07-05,0.04457326477967469,0.043518853864110814,0.04257131222737862,0.039380958151401586
2024-07-08,0.044438296084407705,0.04338491175441112,0.04243837225819384,0.039251803735066544
2024-07-09,0.044381129296328745,0.04332842411838911,0.0423825404741669,0.039198384700332864
2024-07-10,0.04421037342703162,0.04315889689103129,0.04221421467868175,0.039034615851375014
2024-07-11,0.04419880886795686,0.04314781309444709,0.04220358873733583,0.039025615413332146
2024-07-12,0.04412054927143696,0.043070335101767165,0.04212686830039026,0.03895170726427834
2024-07-15,0.04379174559405783,0.04274357366062714,0.041802113846944725,0.03863465561747585
2024-07-16,0.04334024017312053,0.042294749285014574,0.041355928647556474,0.03819863928453325
2024-07-17,0.04331876522046278,0.0422739839012863,0.04133584000118498,0.0381809623277466
2024-07-18,0.043119546203826256,0.04207634238799661,0.04113973661247314,0.03799065267478568
2024-07-19,0.0430819884703247,0.04203959962601221,0.0411037739743369,0.03795749674765038
2024-07-22,0.04296773083974818,0.04192655101835347,0.0409918956823392,0.03784994924724092
2024-07-23,0.0429108433671536,0.0418706094311985,0.0409368624856168,0.03779821155091894
2024-07-24,0.042569669158726356,0.04153177150355969,0.04060031275512986,0.0374703739308325
2024-07-25,0.042545867233492,0.04150880567532426,0.0405781440045295,0.03745104262893369
2024-07-26,0.04226817062239831,0.04123318360090871,0.04030454816636316,0.03718511080333883
2024-07-29,0.04248666296547322,0.04145136938847582,0.040522395158886844,0.037401319064848094
2024-07-30,0.04223743161657077,0.041204094982738956,0.04027702931030536,0.037163146502895816
2024-07-31,0.042137397569314665,0.04110532214461085,0.040179473052792285,0.03707005332820458
2024-08-01,0.04168259249018739,0.04065352177900112,0.039730619114101265,0.03663244981166314
2024-08-02,0.041316067428069564,0.040289594367533904,0.039369233046113096,0.036280713951511
2024-08-06,0.04116476517124626,0.04013990744125576,0.03922110943480443,0.03613837268983635
2024-08-07,0.04111098214088495,0.040087301603456346,0.039169630349804946,0.03609094644872999
2024-08-08,0.04100303773165487,0.03998080049965366,0.03906452002975201,0.0359909249662634
2024-08-09,0.04100971921199879,0.03998839240392314,0.03907297263620976,0.036002374270323274
2024-08-12,0.04093253058036342,0.03991252435320779,0.03899837232276781,0.03593236853828329
2024-08-13,0.04079236690547921,0.03977399007134551,0.03886141220164384,0.035801205574384785
2024-08-14,0.04083050352481677,0.039812913863156926,0.038901072994958034,0.03584336506862167
2024-08-15,0.040627997399202,0.039612360743838004,0.03870241433639929,0.03565175336709717
2024-08-16,0.040589669282556,0.03957522996759675,0.03866642596388247,0.03561984049088469
2024-08-19,0.04068319690520737,0.03966933794412375,0.038761062790652896,0.035716132928074074
2024-08-20,0.04055187411176723,0.039539706489098825,0.03863306219780739,0.03559410946549148
2024-08-21,0.04057773538003744,0.03956650854594671,0.03866074945670268,0.03562483929172288
2024-08-22,0.0405406286989338,0.03953065473052225,0.03862609035721884,0.03559443613039491
2024-08-23,0.04051205172497522,0.03950329540665527,0.038599890506911136,0.035572351235537605
2024-08-26,0.04039415704887145,0.03938705449049048,0.038485241885918606,0.03546351696184031
2024-08-27,0.04023942934450078,0.03923416183062802,0.03833412137345541,0.03531891636766865
2024-08-28,0.04013418970440856,0.03913055102779776,0.03823207645556062,0.03522256714142946
2024-08-29,0.03994520199631082,0.03894361242654178,0.038047120324010524,0.035044937734885706
2024-08-30,0.039834081321740156,0.03883417734119643,0.037939306173516124,0.03494302404184827
2024-09-03,0.03951297620254619,0.03851580211493548,0.03762358744762478,0.03463726400780408
2024-09-04,0.0390001288729298,0.03800665024407279,0.03711804902884746,0.034145429659947844
2024-09-05,0.039003197886249716,0.03801094755403393,0.03712350887270052,0.034154949452050394
2024-09-06,0.03898717228975658,0.037996205152184735,0.03710998523096522,0.03414572207633468
2024-09-09,0.03902017540944084,0.03803025807709483,0.03714502501353824,0.03418414516834456
2024-09-10,0.03888194818736283,0.0378939066876942,0.03701048073714532,0.03405620885063783
2024-09-11,0.038894544600648104,0.03790764872834343,0.03702530490858301,0.034074791952391284
2024-09-12,0.038951996366859094,0.03796602639037273,0.03708454665920585,0.03413693682309473
2024-09-13,0.03893390318030976,0.037949232014415926,0.03706898629068393,0.03412573034607153
2024-09-16,0.038729561051199075,0.0377471032734014,0.036868999003205706,0.033933657761450464
2024-09-17,0.03869568865631946,0.037714636636105865,0.036837871155047996,0.03390728307603414
2024-09-18,0.038558344327799185,0.037579206026219406,0.03670428334081418,0.03378042619825144
2024-09-19,0.03846073073558624,0.03748332284779663,0.03661006054959888,0.03369221381435161
2024-09-20,0.03839126693057617,0.03741546484047307,0.036543738669894965,0.03363140925378451
2024-09-23,0.03832559043615683,0.03735138703837307,0.036481189426140315,0.033574342989091954
2024-09-24,0.03821876494277189,0.037246381661603,0.03637793143054576,0.03347741881720777
2024-09-25,0.03812425268213575,0.03715364545456341,0.03628689814410625,0.033392538271952134
2024-09-26,0.03803383965613798,0.03706496070613947,0.036199870162087644,0.03331149308068147
2024-09-27,0.03794729925767061,0.03698018074752503,0.03611677656870839,0.03323447776772904
2024-10-01,0.03775157556475897,0.036786768183023386,0.0359255961068573,0.03305151118613132
2024-10-02,0.0377142444390091,0.03675100115106225,0.035891318578213885,0.033022521171489516
2024-10-03,0.03768158268023118,0.03671988782244242,0.03586167888311235,0.03299810378511165
2024-10-04,0.037716430528247274,0.03675594363968196,0.035898870932297794,0.03303919779586518
2024-10-07,0.03775942310197024,0.03680011601258289,0.0359441510524205,0.03308826333124024
2024-10-08,0.03752612941157556,0.03656934401178678,0.03571581889541909,0.03286894970586796
2024-10-09,0.03742717214561822,0.03647228172688646,0.03562057314349133,0.032780263319327124
2024-10-10,0.036927123312649905,0.03597610763534807,0.035128179447425883,0.03230213105460462
2024-10-11,0.03659524827498392,0.03564734840228817,0.03480244456853451,0.031987663913023094
2024-10-15,0.035882676283791506,0.03493977058809835,0.03409975442964117,0.03130354955430835
2024-10-16,0.035708879131868744,0.03476842766662329,0.03393077426513712,0.031143194744243933
2024-10-17,0.03561792176251897,0.03467954680322695,0.033843880066304496,0.031063438387051612
2024-10-18,0.035414325426683414,0.03447859922923846,0.03364548608567685,0.030874399146854487
2024-10-21,0.0350562464971793,0.0341239193882866,0.03329410468746431,0.030535298606645687
2024-10-22,0.034733744036303735,0.03380470121675126,0.03297806834787246,0.030231061369674284
2024-10-23,0.033999157065160275,0.03307543126394347,0.032253996690855005,0.029526697697088416
2024-10-24,0.033700388166350556,0.03277995421208759,0.03196170336174007,0.029246160802425255
2024-10-25,0.03377957491154621,0.03286062843549561,0.03204376867758984,0.02933292746506242
2024-10-28,0.033790404768594864,0.0328732647364711,0.032058113304299404,0.02935322500028025
2024-10-29,0.03371562365433438,0.03280068198328992,0.03198762902482921,0.029290236060073926
2024-10-30,0.0337227445348752,0.032809560349059685,0.03199817017473536,0.02930657852424562
2024-10-31,0.03377370969313649,0.03286205849646465,0.03205210877634619,0.029365449731667024
2024-11-01,0.03381197787506816,0.03290191134583191,0.03209345383742131,0.029411934801159542
2024-11-04,0.03378774599770067,0.032879561267765055,0.03207289122777511,0.029397674730308153
2024-11-05,0.03377208598204089,0.03286572117881076,0.032060778110930055,0.029391634748608585
2024-11-06,0.03373046593223296,0.0328260402232306,0.03202294274126408,0.029360341307462567
2024-11-07,0.033689751953997225,0.03278722177519428,0.0319859284223163,0.029329722027575122
2024-11-08,0.03367982841336296,0.0327790869927333,0.03197948982200985,0.029329236953482038
2024-11-12,0.033659900175730256,0.0327609947392729,0.03196314069441443,0.02931902632657286
2024-11-13,0.03371523952759395,0.03281780767909919,0.032021336864044576,0.02938194585917099
2024-11-14,0.033664408501003794,0.03276895981611333,0.031974378365192624,0.029341701542902422
2024-11-15,0.033697475652428595,0.032803612891713525,0.03201052599673747,0.02938300818229317
2024-11-18,0.033614771729994136,0.03272305340369625,0.03193201567112944,0.029311837165860465
2024-11-19,0.03358633844714424,0.03269650267141026,0.031907254050994864,0.029293392558030713
2024-11-20,0.033532662035793026,0.03264483552604898,0.031857501620487026,0.029250448890399187
2024-11-21,0.03337825050518995,0.03249291120882256,0.03170796699396372,0.029109593573866055
2024-11-22,0.0333417623365133,0.03245837511011274,0.03167528763064092,0.02908348448163313
2024-11-25,0.033061570325675756,0.032181319940277335,0.03140126526851214,0.028820652107881983
2024-11-26,0.033082613470487146,0.03220408013148604,0.03142564685840263,0.02885066134460404
2024-11-27,0.03293668321196304,0.03206067169602247,0.03128465900756217,0.028718443253739217
2024-11-28,0.03290933425615183,0.03203528982882599,0.03126114607068085,0.028701524266252
2024-11-29,0.03263938536868548,0.031768494234663144,0.030997396591890658,0.028448990054060645
2024-12-02,0.03258812880903261,0.031719347396734925,0.03095025906491215,0.028408987144260902
2024-12-03,0.0325426321246708,0.031675940035681735,0.030908840419119125,0.028374619115712207
2024-12-04,0.03242436424721937,0.03156012138694338,0.030795367468933653,0.02826959654851342
2024-12-05,0.03191984337072484,0.031059904147169068,0.030299337787074894,0.027789261760276796
2024-12-06,0.031245785171855563,0.03039106395149436,0.0296355886873342,0.0271447199947632
2024-12-09,0.030595244770991438,0.029745695863606605,0.028995263207579086,0.02652338341440074
2024-12-10,0.030200057747455995,0.029354515319333974,0.028607964548059625,0.026150483434833997
2024-12-11,0.030264736055729227,0.02942100446193397,0.028676154225431714,0.02622448695521229
2024-12-12,0.030305438392345313,0.029463628799279135,0.028720589693921484,0.026275172896810903
2024-12-13,0.03032940833506026,0.029489603510331065,0.028748457631098595,0.026309613203781654
2024-12-16,0.03038089509158056,0.02954295544261072,0.028803564487429607,0.026370751538145245
2024-12-17,0.030327208880811155,0.029491642458823013,0.028754510897054712,0.026329712350591665
2024-12-18,0.03016807702906318,0.02933540456224938,0.028601048929036837,0.02618629048017317
2024-12-19,0.030149920482388008,0.029319438842364764,0.028587161983038532,0.026179712388518035
2024-12-20,0.03016322681131512,0.029334816307452466,0.028604497891760578,0.02620387092797022
2024-12-23,0.03022014216565476,0.029393608202258434,0.028665054268579706,0.026270480942470337
2024-12-24,0.03026744439840523,0.029442830190847875,0.028716083797882003,0.026327734681811807
2024-12-27,0.030226605226365007,0.029404335575735574,0.028679818574520566,0.026299352244828406
2024-12-30,0.03026361642438708,0.029443320143606955,0.028720663739892537,0.02634662857165531
2024-12-31,0.030304980062290793,0.029486633796799402,0.028765814907687683,0.026398121123677076
2025-01-02,0.030259389852499506,0.0294434122769925,0.028724846688223685,0.026365129183612307
2025-01-03,0.030132520000293594,0.02931931601980549,0.02860340521796796,0.02625323708996754
2025-01-06,0.03010132572945035,0.029290437717277525,0.028576727093195142,0.026234319539348794
2025-01-07,0.030049730513005933,0.029241256942729173,0.028529844279204127,0.026195581686797087
2025-01-08,0.030026567446067753,0.02922037548385753,0.028511128676340397,0.02618448993070628
2025-01-09,0.02997073833438787,0.02916699267063256,0.028460074931782924,0.0261416987493188
2025-01-10,0.030205560622168767,0.02940285246723006,0.028696865158376404,0.026381255842543715
2025-01-13,0.030386847263770438,0.029585408315503194,0.028880582737229314,0.02656866049785906
2025-01-14,0.030171687610720754,0.02937342481726942,0.028671654847064364,0.026370867310217736
2025-01-15,0.02998114359191658,0.02918596384209407,0.028487155840200035,0.026197124358531103
2025-01-16,0.029717090121336092,0.028925335944775206,0.028229830603191213,0.025951899491582088
2025-01-17,0.029547221058902375,0.028758485449723023,0.028065876428818328,0.02579842881880165
2025-01-20,0.029490900494250846,0.028704661342698938,0.028014429000983346,0.025755411507107
2025-01-21,0.02929893983552824,0.02851586865283732,0.027828679019216457,0.02558070293441762
2025-01-22,0.029293942477884187,0.028513131062122304,0.027828082569741376,0.02558760616380295
2025-01-23,0.029250942245760116,0.028472586159432427,0.027789872441516462,0.025557651917866797
2025-01-24,0.028963356853047368,0.028188649765100264,0.027509455515981537,0.02529014258008102
2025-01-27,0.02871136399330097,0.02794015243932841,0.027264324428141976,0.025057309201261136
2025-01-28,0.028422723708477107,0.02765522833915362,0.02698298365721974,0.024789101580174167
2025-01-29,0.028040471103849187,0.02727717799661645,0.026608997738547822,0.02443012597049753
2025-01-30,0.027849825914223428,0.027089845639552287,0.026424844985725778,0.024257490731741528
2025-01-31,0.02759803875705049,0.026841694751132905,0.02618019356748926,0.024025602616290644
2025-02-03,0.02676315357912754,0.026013312278532395,0.025358154509337143,0.023227485213667822
2025-02-04,0.02726457103264284,0.02651480114775147,0.02585959974794082,0.023727736666945897
2025-02-05,0.027230399025736124,0.02648323270837461,0.025830504507730216,0.02370736316065634
2025-02-06,0.02715279181315622,0.02640845760171874,0.02575842866752547,0.023644889985955368
2025-02-07,0.027663617288817458,0.026919262938335083,0.02626910158224094,0.02415403900504046
2025-02-10,0.02742558576527057,0.026684796610835303,0.026038064365716304,0.023935490425229432
2025-02-11,0.027387343228491543,0.026649172570249714,0.026004928565192525,0.023911137421095678
2025-02-12,0.027511524486774668,0.026775192272467087,0.02613266174544089,0.024044606161836096
2025-02-13,0.02752753937783314,0.026793557695077852,0.026153249602192195,0.024072934413332015
2025-02-14,0.027636220191538708,0.026904127966823968,0.026265585102555056,0.024191218673894635
2025-02-18,0.02786126048963523,0.02713049367886014,0.02649315606553213,0.024422538086462053
2025-02-19,0.02793069838185104,0.027201998559209142,0.026566603005925365,0.024502633795922373
2025-02-20,0.027802421042837137,0.027076722129934533,0.026444196946263612,0.024390534102400437
2025-02-21,0.027742792904742592,0.027019772297903477,0.026389796740487546,0.0243451758165302
2025-02-24,0.02778455430355381,0.02706371284281208,0.026435791701966017,0.0243982700178461
2025-02-25,0.027443497050131792,0.026726703819993244,0.026102692091872243,0.02407955297692261
2025-02-26,0.02747633521838605,0.02676180552288298,0.02613993010853793,0.02412419522291008
2025-02-27,0.02736587345367114,0.026654299851697476,0.026035248412161014,0.024029620619186703
2025-02-28,0.027294150727287372,0.02658535406794868,0.02596894834867977,0.023972723708006734
2025-03-03,0.02725011703551342,0.02654394487410809,0.025930034363668402,0.023942628919906797
2025-03-04,0.02638780052335616,0.025688263943445,0.02508082877002532,0.02311786338178197
2025-03-05,0.026471961597160056,0.025774543840246696,0.02516909654823713,0.02321290963131185
2025-03-06,0.026556684015267853,0.025861367090095358,0.025257890516952507,0.02330842087444541
2025-03-07,0.026439144855150695,0.0257468889087525,0.025146337208722877,0.023207342277753083
2025-03-10,0.026195092117783196,0.025506485718799543,0.02490944434780522,0.0229832346415864
2025-03-11,0.025756008029373213,0.025072022840263858,0.024479455253472913,0.022569805728681953
2025-03-12,0.025660680684544104,0.02497970846316771,0.024390015353627014,0.022490618143326917
2025-03-13,0.025645726858944257,0.02496736018163513,0.024380137878640476,0.02248941412753006
2025-03-14,0.025612556766340413,0.0249368402636434,0.024352135075083478,0.022470284584657798
2025-03-17,0.025600794338237205,0.024927632296094612,0.02434534882908946,0.022471993481141064
2025-03-18,0.025728798380489346,0.025057530062658658,0.02447701157675206,0.022609563999301682
2025-03-19,0.025696258999812774,0.02502765479221261,0.0244496664780231,0.022591136523481995
2025-03-20,0.02569491964849061,0.02502883100169717,0.02445322525759719,0.022603031858092724
2025-03-21,0.02564795038701101,0.024984609009073934,0.024411615391053753,0.022570656238210356
2025-03-24,0.0257672434792377,0.025105839740858164,0.02453465462523831,0.022699773560020522
2025-03-25,0.02568768922486679,0.025029188691440447,0.024460770606132727,0.0226357332743845
2025-03-26,0.02573044640431038,0.025074260918812645,0.024508025730138223,0.02269053496918651
2025-03-27,0.025653573026699787,0.025000281045758903,0.02443680310610457,0.02262911629879985
2025-03-28,0.025634378902333006,0.024983721374753513,0.02442274256007345,0.02262383706921258
2025-03-31,0.025530476172663644,0.02488289186386882,0.02432484648790685,0.022536417353912853
2025-04-01,0.02544189673914279,0.024797345219180783,0.024242191594008762,0.022464061182265037
2025-04-02,0.025335808949997048,0.024694384316553672,0.024142215439084215,0.022374745390400436
2025-04-03,0.025296688205446713,0.024658076633423752,0.02410858044700351,0.022350540192506676
2025-04-04,0.024864115780232406,0.024230220740153706,0.023685287164422447,0.021944104268175713
2025-04-07,0.024900020945534083,0.02426860351283603,0.023726008300349682,0.021992929995276154
2025-04-08,0.02492194636161496,0.024293066576231516,0.023752869687731076,0.02202813473342474
2025-04-09,0.025635188056457557,0.025005445218351456,0.02446427274109273,0.0227346443455647
2025-04-10,0.02552163099883114,0.024894985629398035,0.024356771698109493,0.02263772752664372
2025-04-11,0.02565344406178812,0.025028695303513315,0.024492248242004105,0.02277911053799714
2025-04-14,0.025623300767463622,0.025001213519198685,0.02446729363527851,0.02276305810591439
2025-04-15,0.025539444583311047,0.024920261083239782,0.024389109698667776,0.02269473197396934
2025-04-16,0.025734270678213333,0.02511664640282537,0.024586928395788844,0.02289715980243844
2025-04-17,0.025817616746172757,0.02520205859465946,0.024674278743038534,0.02299111638132744
2025-04-21,0.025833100715653014,0.025219925089195565,0.024694398087840387,0.0230190836130933
2025-04-22,0.025880264840306512,0.025269313875821146,0.024745883196394043,0.02307780331985329
2025-04-23,0.02595387205293581,0.02534501861687432,0.02482355799443971,0.023162216157498562
2025-04-24,0.025884824871003617,0.025278736222952885,0.02475990921648727,0.02310792263766523
2025-04-25,0.025922612772920704,0.02531880891856026,0.024802137260182433,0.02315761121113108
2025-04-28,0.025880592975242964,0.02527946540677999,0.024765337554316924,0.02312979650370365
2025-04-29,0.025921267063604855,0.02532241696567247,0.024810436885725685,0.023182323873931043
2025-04-30,0.025837905930974576,0.025241957137222704,0.024732743132258095,0.023114478417205986
2025-05-01,0.025812212934676615,0.02521890127728288,0.024712190380200873,0.02310273440769742
2025-05-02,0.025853661084369525,0.02526266075166534,0.024758129515722708,0.023156211515026857
2025-05-05,0.0258331140577298,0.025244724262549707,0.02474266980313654,0.023149457757553043
2025-05-06,0.025792457945967216,0.025206773315759535,0.024707289708571785,0.023123154432601167
2025-05-07,0.025682452891007162,0.02509979638108999,0.02460320485776564,0.02302941395853986
2025-05-08,0.02565479551490832,0.02507474714264419,0.024580631700891635,0.023015559090312707
2025-05-09,0.025544117926727658,0.024967110549532386,0.02447589953347891,0.02292121586551161
2025-05-12,0.025604559134318285,0.02502976144391615,0.02454062962195075,0.022993093072940354
2025-05-13,0.025582882154557847,0.025010681581752632,0.024524014078180938,0.022985142254413244
2025-05-14,0.025588846936780405,0.02501911533825751,0.024534784665899874,0.02300407424459268
2025-05-15,0.025378348922315115,0.024812142729173838,0.02433119737588408,0.022812765243326892
2025-05-16,0.025359493312124757,0.024795893139959686,0.02431741991064456,0.022807673947293577
2025-05-20,0.02593032681098742,0.025366459924481,0.024887607447334266,0.023375349634192858
2025-05-21,0.0258481293312801,0.025287100561614068,0.02481095406190434,0.02330833191952085
2025-05-22,0.025819016338553696,0.025260570574694153,0.024786876679324735,0.02329289372925929
2025-05-23,0.025816857148982263,0.02526087202266229,0.024789508866163237,0.023303682877817297
2025-05-26,0.025797808932944026,0.025244341179574015,0.024775366238809996,0.02329793332465456
2025-05-27,0.025834085252796832,0.025282851402834088,0.024815983951728578,0.02334584730646403
2025-05-28,0.025946275557531893,0.02539688830988912,0.02493174472366521,0.023467404868854562
2025-05-29,0.02578362597445315,0.025237402039577368,0.024775290248060022,0.023321892766079405
2025-05-30,0.025794345000088474,0.025250475264055494,0.02479059055478576,0.023344960722396224
2025-06-02,0.02587110730766615,0.02532926730807305,0.024871287755693257,0.023432162403340995
2025-06-03,0.025838621618946313,0.02529933226492423,0.024843775419654678,0.023413191688106468
2025-06-04,0.02586670455577511,0.02532965488037624,0.024876212812054946,0.023452967852182018
2025-06-05,0.02607581448010762,0.025540081531914925,0.025087840022950836,0.023668360181206768
2025-06-06,0.026020783242714937,0.025487633525004258,0.025037850584296202,0.02362708461372961
2025-06-09,0.02623994851697554,0.0257080455548902,0.02525939467819042,0.023852133362596565
2025-06-10,0.026249460639883017,0.025719724863470447,0.025273124232616177,0.02387301453282837
2025-06-11,0.0262131150194629,0.025685719334059023,0.025241342868565393,0.023849088343558714
2025-06-12,0.026207886591175525,0.025682690379920027,0.025240398008794393,0.023855444103423308
2025-06-13,0.026162357060200977,0.025639557466728517,0.025199544830515393,0.023822659541608802
2025-06-16,0.02628275170202558,0.025761567682811768,0.02532305830401923,0.023951181126926808
2025-06-17,0.026277432533273273,0.02575845228325498,0.02532203108643783,0.023957469015067977
2025-06-18,0.026213591856771794,0.025697101304466157,0.025263052053779676,0.023906919158437158
2025-06-19,0.026205814498556954,0.025691547791233175,0.02525960628004697,0.023910862003238442
2025-06-20,0.026069780993808793,0.025558353732152973,0.025129131402800556,0.023790180771607862
2025-06-23,0.02617446609638434,0.025664701303793308,0.025237030127806877,0.023903287759519217
2025-06-24,0.026162076427658686,0.02565453134536306,0.025228965016719788,0.02390261072803729
2025-06-25,0.02621339239567477,0.025707772059391745,0.025284017106598538,0.023963892108166025
2025-06-26,0.026168384788007447,0.025665124934494323,0.02524361538041495,0.02393143781324571
2025-06-27,0.026070148443370647,0.025569529909525348,0.025150543522034607,0.023847395492360385
2025-06-30,0.02611603998343686,0.025617382809009503,0.025200243674456203,0.023903461689826433
2025-07-02,0.026153401768748107,0.02565674114741355,0.025241484487437876,0.023951209458108372
2025-07-03,0.026171641429727714,0.025677065654666528,0.02526377932731791,0.02398035827026671
2025-07-04,0.026042050855278977,0.02555028609540888,0.025139690596158497,0.023865950630292183
2025-07-07,0.026071281293265084,0.025581547414015745,0.02517286870232454,0.023905772596422847
2025-07-08,0.02609078958699575,0.025603125684291277,0.02519640294187262,0.023936107933719232
2025-07-09,0.026022156285496107,0.025536987072774475,0.02513264206770186,0.02388080644383708
2025-07-10,0.026052114650820753,0.025568988939425014,0.025166572512380147,0.023921420477768494
2025-07-11,0.026060843047587642,0.025579846219417657,0.025179443939145896,0.023941318880074544
2025-07-14,0.026261763242848624,0.025781952422142037,0.025382628724983217,0.024147859140149008
2025-07-15,0.026438730077151414,0.02596018077811951,0.025562012492282345,0.024330916850267153
2025-07-16,0.026357099269838903,0.025881050136347082,0.02548526765737829,0.02426268661410947
2025-07-17,0.026279233087000083,0.025805666572256247,0.0254122524477333,0.024198117140883012
2025-07-18,0.02619328644781529,0.025722214243329305,0.025331181338300927,0.024125553546098473
2025-07-21,0.02630134094528819,0.025831777815135563,0.025442150048763996,0.0242412127915577
2025-07-22,0.026306181423740475,0.02583861585904845,0.02545087874231688,0.024256544564438935
2025-07-23,0.02636147611773313,0.02589563994036957,0.02550952830909374,0.024320764950793956
2025-07-24,0.02646002294153747,0.025995695469125387,0.02561099073640738,0.024426943811214068
2025-07-25,0.026342150575318513,0.025880362250288523,0.02549808828265651,0.024322788465629318
2025-07-28,0.02645660522159301,0.025996231791067692,0.025615272352251698,0.024444332844689387
2025-07-29,0.026529855804050026,0.026071047289483847,0.025691553594997366,0.024525588878440953
2025-07-30,0.02650861422017883,0.026051820215472952,0.025674239004716052,0.024515007897337543
2025-07-31,0.026489985264277194,0.026035164657109543,0.025659456416380965,0.024506815281799876
2025-08-01,0.026207711416228352,0.02575617488538351,0.02538363934831523,0.024242681854222268
2025-08-05,0.02625103895761938,0.025801204868116434,0.02543027195371895,0.02429483015888619
2025-08-06,0.026250464732336446,0.025802531120616222,0.025433398113906106,0.024304253243849088
2025-08-07,0.02625809995041205,0.02581197631531778,0.02544455568873586,0.02432138454222458
2025-08-08,0.02606106095947061,0.025617702433576084,0.02525294412795441,0.02413949441412478
2025-08-11,0.02620041996600749,0.02575819369902583,0.025394476736010814,0.024284380065666297
2025-08-12,0.026197038574702926,0.025756618301586688,0.02539461239150462,0.024290507677990788
2025-08-13,0.02619194907967927,0.025753331636557797,0.0253930341621976,0.02429491579782203
2025-08-14,0.026212510214077542,0.025775572204712986,0.025416860616269722,0.02432424668275059
2025-08-15,0.026117486587951218,0.02568278015663513,0.025326202990583222,0.024241252170714413
2025-08-18,0.026243673463570857,0.025810116512255028,0.025454599920269556,0.024373096763265628
2025-08-19,0.026207241208717764,0.025775616003145686,0.025421936886803574,0.02434693651789141
2025-08-20,0.026210379272619353,0.02578047473368629,0.025428424417506666,0.02435911476359051
2025-08-21,0.026230440947576393,0.025802170198737307,0.025451662654085792,0.024387707662258156
2025-08-22,0.02612406624473491,0.025698053386152622,0.025349707700692857,0.024293535361257484
2025-08-25,0.026306936719997252,0.02588177056466401,0.025534186141414915,0.024480296828005184
2025-08-26,0.026285482073819887,0.025862140247301386,0.02551628825082647,0.024468503184259985
2025-08-27,0.026322844604661937,0.02590103908532854,0.02555663370365661,0.02451383103681504
2025-08-28,0.02635425013943112,0.0259340027174551,0.025591065908029426,0.024553334813314637
2025-08-29,0.02631560972629395,0.02589724496861874,0.0255560996439724,0.02452471505526854
2025-09-02,0.026172371758896237,0.02575638620070459,0.02541752579665942,0.024394430850723736
2025-09-03,0.026068356954880047,0.025654563972288467,0.025317803049848216,0.024302267671213077
2025-09-04,0.026049681206239274,0.025637655848922775,0.025302573037549736,0.024292946149543675
2025-09-05,0.025599731431186393,0.025191563703824728,0.0248602339663463,0.023864668915294103
2025-09-08,0.025399651922308086,0.024994139536383072,0.024665368842864622,0.02367917029484097
2025-09-09,0.025050267422194336,0.024648102605852026,0.02432257963659917,0.02334846648942683
2025-09-10,0.024785138757454767,0.024385950708552994,0.024063305612511257,0.023099809244069503
2025-09-11,0.024730695521477233,0.024333486215144286,0.02401272709798458,0.023055940571775332
2025-09-12,0.024625275904599352,0.024230303483669956,0.023911686121869245,0.02296260994549628
2025-09-15,0.024691359255562696,0.02429778499370225,0.023980477045393148,0.023035843727168152
2025-09-16,0.024352914574064688,0.02396270258003009,0.02364865384794019,0.022716123411112843
2025-09-17,0.02414171289686738,0.02375428791297513,0.02344292538499649,0.02252022932780529
2025-09-18,0.024116724149345802,0.023731201081844427,0.02342164524141145,0.02250532051944529
2025-09-19,0.024028217816178463,0.023644886063215874,0.023337425068882728,0.022428611497373067
2025-09-24,0.024051523644403897,0.02366984493809517,0.023363944231670743,0.022460539854836967
2025-09-25,0.024066671106686293,0.023686667339074305,0.023382349462949134,0.022484450070285305
2025-09-26,0.02400227497328085,0.023624321015307648,0.02332195862812391,0.022431032877373
2025-09-29,0.024122657744012926,0.023745853307512176,0.023444552821575045,0.022557091427908554
2025-10-01,0.024030984381610915,0.023656341440995703,0.02335710826520733,0.022477068282726165
2025-10-02,0.02397564961488219,0.023602989614462194,0.02330564659059624,0.02243233289807257
2025-10-03,0.02395932132308453,0.023588450024592627,0.023292804550802335,0.02242546246843423
2025-10-06,0.023888214842581423,0.023519390821787438,0.023225699928150108,0.022365342242700904
2025-10-07,0.023815421420959486,0.02344865125420972,0.023156921542946355,0.022303574850588294
2025-10-08,0.02365991309352735,0.023295585921709987,0.023006204269010372,0.02216139354284715
2025-10-09,0.02366396194238118,0.02330131404253661,0.023013521786545678,0.022174262058433127
2025-10-10,0.023706720739917635,0.02334555957246176,0.02305916578580832,0.022224708848664575
2025-10-14,0.02385592923117775,0.023495735600327073,0.023210224976287164,0.022378547347232172
2025-10-15,0.02380726122068056,0.023448986940097418,0.023165304768063975,0.02234012377121629
2025-10-16,0.023702996187039808,0.023346891430141396,0.0230652869647366,0.02224758989008429
2025-10-17,0.023559122722919927,0.023205381027655392,0.0229260463410859,0.022116587265788478
2025-10-20,0.02328217373050512,0.022931403374865777,0.022654944044165678,0.021856117486868977
2025-10-21,0.023251683795866125,0.022902678464431142,0.02262789740306225,0.02183500442166823
2025-10-22,0.023047637887757367,0.02270116651757391,0.022428830431480133,0.0216449131987718
2025-10-23,0.022943316975893205,0.022598897293289868,0.022328527333708555,0.02155170385334502
2025-10-24,0.02259331922867873,0.022252149100524973,0.021984934179520795,0.021219873176602774
2025-10-27,0.022481015627396947,0.022141953876163335,0.021876760538629865,0.021119003841620215
2025-10-28,0.02234874895254714,0.022011865290589697,0.02174876398486656,0.020998599461110608
2025-10-29,0.022379529948662946,0.022044009054114612,0.021782191478900915,0.021036453283102555
2025-10-30,0.0222716904640737,0.021938121756206967,0.021678176859454695,0.020939212858792404
2025-10-31,0.02215617997606497,0.021824579364000576,0.02156652391404186,0.020834408689469806
2025-11-03,0.022242429135128448,0.02191183574945389,0.021654715019314964,0.020925690172664293
2025-11-04,0.02214595957677125,0.02181725468227178,0.02156194378708086,0.020839449711782025
2025-11-05,0.022039592558710693,0.021712826679105717,0.021459375661767244,0.02074360795000616
2025-11-06,0.02204307089814042,0.02171772171003652,0.0214656115484513,0.0207545266707134
2025-11-07,0.02206072098950858,0.021736724705595047,0.02148589184759691,0.02077923808348455
2025-11-10,0.02201004890034638,0.021687740460731728,0.021438517259896452,0.02073759898691752
2025-11-12,0.022032562170580316,0.021711588056833115,0.02146362348652322,0.02076706091417452
2025-11-13,0.02205744269937224,0.021737787043102287,0.021491065550435787,0.02079879936219432
2025-11-14,0.022008533770774497,0.021690548404021532,0.021445419552644975,0.020758825676137745
2025-11-17,0.02215222949770515,0.021834977329079235,0.02159051094160662,0.020905935858404546
2025-11-18,0.02211863412502825,0.021802961274063486,0.021559997978191338,0.020880750181056243
2025-11-19,0.022033053962400115,0.02171921503450554,0.021478007480478477,0.020805078635974125
2025-11-20,0.021982463186942774,0.02167030346957564,0.021430697378360383,0.02076347519387391
2025-11-21,0.02186364425650307,0.021553495906704426,0.021315820975407303,0.02065560034138473
2025-11-24,0.021897260516273068,0.021588398114291918,0.02135193353509434,0.020695876678088657
2025-11-25,0.021871235860765892,0.021563936768866105,0.0213289584419478,0.020678154249989214
2025-11-26,0.021851746090075518,0.021545978141508187,0.021312454154424988,0.020666777434461395
2025-11-27,0.021849280169080453,0.021544956563846838,0.02131280093821231,0.02067191560495228
2025-11-28,0.02180152332820338,0.021498847561095415,0.021268263059311506,0.020632972381638182
2025-12-01,0.02191032688337448,0.02160853771202306,0.021378768686362588,0.020746104461671258
2025-12-02,0.021790785068242318,0.021490950905758838,0.021263059827907337,0.020637212528953727
2025-12-03,0.02174920916839497,0.021450965949195926,0.021224590743424206,0.020604132005460296
2025-12-04,0.02174602950380813,0.02144917847649007,0.021224122402354738,0.02060828433669894
2025-12-05,0.02188335968232426,0.021587213781290075,0.02136279499909968,0.02074890089786975
2025-12-08,0.022039604433819006,0.021744025898005497,0.02152010974895666,0.020907649326071552
2025-12-09,0.02210093347352884,0.021806361193052567,0.02158338437388761,0.020974082199701233
2025-12-10,0.02210133642077041,0.02180805501294345,0.02158630057965408,0.02098127324047701
2025-12-11,0.02210349298279162,0.021811480499325894,0.021590927277442714,0.020990097067723087
2025-12-12,0.022019673131925918,0.021729291469952696,0.021510301259143164,0.020915112211503793
2025-12-15,0.022105340140944903,0.021815697767222655,0.021597388664071314,0.02100440411638903
2025-12-16,0.02200525765483401,0.02171717660828889,0.021500368312685,0.02091284111978783
2025-12-17,0.021926294967973742,0.021639639160604608,0.021424198108829028,0.020841617235964508
2025-12-18,0.02191816883078762,0.02163260910374348,0.02141820785922843,0.020839280906651596
2025-12-19,0.021832022507034664,0.02154794400611193,0.021334964619899227,0.02076118993486877
2025-12-22,0.02190820340566624,0.021624827689341118,0.021412496946218974,0.020840832903843073
2025-12-23,0.021900504003800073,0.02161823653973872,0.02140695703619054,0.02083898601604625
2025-12-24,0.021738809775473024,0.021458395093716862,0.021248906081362328,0.0206875336083049
2025-12-29,0.021909442133968855,0.021629261907508725,0.021419957065178914,0.020858874472162454
2025-12-30,0.02190455700379451,0.021625444607231023,0.021417152099427475,0.02085962060251043
2025-12-31,0.02195225773833633,0.021673958861192576,0.021466426183599865,0.02091145337854257
2026-01-02,0.02189885601165579,0.021621863765534155,0.02141558033624764,0.020865088049145025
2026-01-05,0.021992331386445862,0.02171594150570459,0.02151020778347215,0.020961444168408838
2026-01-06,0.022004078625777353,0.02172867382938587,0.02152387038978626,0.020978336332544898
2026-01-07,0.022009592815044266,0.021735206014339967,0.02153136540797772,0.02098918770702513
2026-01-08,0.021989566706827775,0.021716326020097605,0.021513575244145072,0.020975251144702667
2026-01-09,0.021905464977549617,0.021633679317134474,0.02143232513419774,0.0208990606836468
2026-01-12,0.021994546396625802,0.021723367348234428,0.021522567868984696,0.020991058691615903
2026-01-13,0.021973780053911793,0.02170372883434377,0.021504002033453203,0.020976288000074336
2026-01-14,0.021992219449356136,0.021723101414661824,0.02152425426188075,0.020999578780456205
2026-01-15,0.021994804317609404,0.021726691748811366,0.021528796213375785,0.021007443939818887
2026-01-16,0.021859433295531555,0.02159299119918843,0.02139670766384669,0.02088127495057824
2026-01-19,0.021982010686894128,0.021716024020209536,0.02152014458403351,0.021005870805091365
2026-01-20,0.021923980775804583,0.02165933535830067,0.02146473898130734,0.02095507359453579
2026-01-21,0.021945726356212933,0.02168201587170781,0.021488300064696066,0.020981669589246747
2026-01-22,0.021986234999101673,0.021723344070701932,0.021530395406624256,0.02102636413563799
2026-01-23,0.021898135932164987,0.02163665652810188,0.021445064147021593,0.020945959828517272
2026-01-26,0.022003312578070425,0.021742294052880442,0.021551114792600856,0.0210532370963438
2026-01-27,0.022000611979660308,0.021740561314845964,0.021550299231755426,0.021055635253359226
2026-01-28,0.022048367763040984,0.021789017777500218,0.021599408651135864,0.021106929427308917
2026-01-29,0.022095119945970604,0.021836469315465387,0.02164751211444896,0.02115721612156483
2026-01-30,0.021999056416201243,0.021741790270461945,0.021554165512853128,0.02106872962402748
2026-02-02,0.02202623176866339,0.02176972822546138,0.021582819633522866,0.02109983232651108
2026-02-03,0.022010659703642466,0.021755095388882813,0.0215690797153955,0.021089248000923457
2026-02-04,0.022010568106843056,0.02175583675327443,0.02157060992654841,0.021093537637185276
2026-02-05,0.022017216557712,0.02176324224933706,0.02157873088022498,0.021104147319340807
2026-02-06,0.021959648823294663,0.021706721835809576,0.02152321506893285,0.02105226495144838
2026-02-09,0.02200551424425496,0.021753108768675873,0.021570085703869667,0.02110073224584399
2026-02-10,0.021986404983031792,0.02173473854561805,0.021552419601029712,0.021085568700327198
2026-02-11,0.02199683019089226,0.021745816718137495,0.021564113827327962,0.021099396117235703
2026-02-12,0.02193762949697547,0.021687602649020653,0.021506847242707735,0.021045566579879483
2026-02-13,0.021822969701790325,0.021574197072539818,0.02139465487219768,0.020937855858127054
2026-02-17,0.02189799241441629,0.021649619802051587,0.02147043977634302,0.021014751798049396
2026-02-18,0.021894412524787795,0.02164678730922398,0.021468315873584064,0.021015113841161198
2026-02-20,0.02182576426870364,0.021579199034150363,0.021401746648784463,0.02095225160450495
2026-02-23,0.02192174034437855,0.021675454553232925,0.02149824550819318,0.021049402331198168
2026-02-24,0.021924910290255985,0.021679346543730632,0.021502820582114654,0.02105636011786076
2026-02-25,0.02199682779510161,0.02175166270051344,0.021575498309936686,0.021130153218045223
2026-02-26,0.0219919381655772,0.021747562476606426,0.02157214674968779,0.02112943049303302
2026-02-27,0.021986273359892394,0.02174269876817726,0.02156804294907742,0.02112799646720329
2026-03-02,0.022035239822766842,0.021792186190540793,0.021618012862256984,0.021179552363912772
2026-03-03,0.022160032172408018,0.02191711770978848,0.021743048486283882,0.02130469300007454
2026-03-04,0.022116957040832882,0.0218749895497774,0.021701826680383292,0.021266730891122174
2026-03-05,0.022147582740819745,0.021906169598706254,0.021733524910163428,0.02130017802522
2026-03-06,0.022171474411787268,0.021930648245829062,0.02175855413083741,0.02132708343662156
2026-03-09,0.02233644293573969,0.022095501296699873,0.02192326122121895,0.021490937434455605
2026-03-10,0.022281915175534052,0.02204190008037292,0.02187054955497355,0.02144145046881979
2026-03-11,0.022373054202171436,0.022133257037346483,0.02196209267181444,0.021533455490593562
2026-03-12,0.02241108397667374,0.022171656337095745,0.022000833478739695,0.021573311856880276
2026-03-13,0.02240159201870436,0.022162770008747397,0.021992522796728246,0.021567034385203177
2026-03-16,0.02245965646806007,0.0222211211670218,0.022051132588297537,0.021626428257946636
2026-03-17,0.022426476066411016,0.02218865172120347,0.022019343790639568,0.021597089135023777
2026-03-18,0.022407008401868676,0.022169804196398527,0.02200108786702954,0.02158094294295186
2026-03-19,0.022550631372222865,0.022313205700132257,0.02214424776932639,0.021722959542190716
2026-03-20,0.02277896087684902,0.022540874019510083,0.022371239271284364,0.0219471095491084
2026-03-23,0.022850474899592705,0.02261246281235882,0.022442883003868937,0.02201879695428902
2026-03-24,0.023056141005246635,0.02281753819415879,0.022647353325129314,0.022220723831999353
2026-03-25,0.023133417898701776,0.022894824779059315,0.022724631940566987,0.022297814109326484
2026-03-26,0.023206150754241785,0.02296759461424038,0.02279742065690788,0.022370517841410722
2026-03-27,0.023188645810945777,0.022950553810409804,0.022780823284212753,0.02235550785424517
2026-03-30,0.023266207256759666,0.023028117737929663,0.022858372351400112,0.022432843889517644
2026-03-31,0.023275113621831635,0.02303734648215888,0.02286790441712521,0.022443418422031392
2026-04-01,0.023104810907345365,0.022868250682379597,0.022699989372658592,0.02227998706048638
2026-04-02,0.023014144671457355,0.022778413181283097,0.022610956813976,0.02219395830112922
2026-04-06,0.023142353744024537,0.022906399517220254,0.022738703766034894,0.02232060171308316
2026-04-07,0.023140592162807835,0.022905024688924233,0.02273769558930113,0.02232087967115738
2026-04-09,0.022776791381450955,0.022543371245737086,0.022378156432578414,0.02196949130174958
2026-04-10,0.022662296832005435,0.022429838499129714,0.022265559933170437,0.021860407359226473
2026-04-13,0.02273268628154703,0.022500291774989828,0.022336058034378273,0.021930916089969943
2026-04-14,0.022738072038678,0.02250603765037174,0.02234214375193744,0.02193817932707286
2026-04-15,0.02279068066914714,0.022558770919676074,0.022394983382418347,0.021991281748812357
2026-04-16,0.022804749972803226,0.022573097754803585,0.02240955098170095,0.022006662280644282
2026-04-17,0.022658700565429842,0.022428087505467174,0.0222655572379536,0.02186652734469175
2026-04-20,0.022799861644544544,0.022568907313269288,0.02240602253380518,0.022005459510151402
2026-04-21,0.022848769138340802,0.022617986213343686,0.02245525290577492,0.022055118147301565
2026-04-22,0.02288813011279386,0.022657546404636603,0.022494993024302804,0.022095405885313973
2026-04-23,0.022878594056047915,0.022648457504065654,0.02248632970318181,0.022088250960863035
2026-04-24,0.022847365568198035,0.022617778997580516,0.022456178966561144,0.02206001110690084
2026-04-27,0.023004963233117192,0.022775000711700234,0.022613009679542592,0.022215146927369672
2026-04-28,0.023028687511467222,0.022799004628202283,0.022637273153153236,0.022240269019503805
2026-04-29,0.023056980180195915,0.02282756085525845,0.02266607269578309,0.022269860884793748
